<?xml version="1.0" encoding="utf-8"?>
<DataTypes>
	<Language name="CSharp" selected="true">
		<SqlType name="int">Int32</SqlType>
		<SqlType name="bigint">Int32</SqlType>
		<SqlType name="smallint">Int32</SqlType>
		<SqlType name="tinyint">Int32</SqlType>
		<SqlType name="numeric">Int32</SqlType>
		<SqlType name="float">Double</SqlType>
		<SqlType name="real">Double</SqlType>
		<SqlType name="char">String</SqlType>
		<SqlType name="varchar">String</SqlType>
		<SqlType name="text">String</SqlType>
		<SqlType name="nchar">String</SqlType>
		<SqlType name="nvarchar">String</SqlType>
		<SqlType name="ntext">String</SqlType>
		<SqlType name="bit">Boolean</SqlType>
		<SqlType name="datetime">DateTime</SqlType>
		<SqlType name="image">Object</SqlType>
	</Language>
</DataTypes>